SearchEngineID,ClientIP,c,sum,avg
2,2043490930,174,160,1638.0
3,1308083473,83,57,1087.0
3,-1752880895,79,5,1869.9113924050632
2,1008404555,77,0,1745.0389610389611
2,1742230916,77,4,1394.1168831168832
4,-1897788330,75,11,1368.0
2,1481516867,73,0,1368.0
2,1138507705,67,0,1409.6268656716418
3,1076222869,65,1,1011.0
2,-807147100,63,5,1625.8095238095239
