SearchEngineID,ClientIP,c,sum,avg
2,1683462169,103,0,1368.0
4,1510019646,96,7,1638.0
2,-1421686533,90,34,1917.0
2,-731769767,58,2,1388.5172413793102
2,1438655562,50,16,1368.0
3,1821409978,50,3,1638.0
2,654616208,49,8,1996.0
2,1642386658,48,2,1996.0
3,872720320,46,11,582.0
2,1138507705,46,1,1454.108695652174
