SearchEngineID,ClientIP,c,sum,avg
2,1138507705,560,12,1418.6589285714285
2,1740861572,381,7,1555.981627296588
2,-748701126,368,6,1580.6195652173913
2,-631062503,356,7,1590.2921348314608
2,-497906719,354,13,1538.734463276836
2,-465813166,352,8,1524.471590909091
2,-213744156,352,7,1566.3636363636363
2,-807147100,347,9,1521.2363112391931
2,-1945757555,343,12,1533.5247813411079
2,-947382330,322,7,1566.7888198757764
