n_name,revenue
INDONESIA,55502041.1697
VIETNAM,55295086.99670001
CHINA,53724494.2566
INDIA,52035512.000199996
JAPAN,45410175.6954
