n_name,revenue
INDONESIA,55502041.1697
VIETNAM,55295086.99670002
CHINA,53724494.25659999
INDIA,52035512.0002
JAPAN,45410175.6954
