n_name,revenue
INDONESIA,55502041.169700004
VIETNAM,55295086.996700004
CHINA,53724494.25659999
INDIA,52035512.0002
JAPAN,45410175.69539999
