n_name,revenue
INDONESIA,55502041.16969999
VIETNAM,55295086.996700004
CHINA,53724494.2566
INDIA,52035512.0002
JAPAN,45410175.6954
