n_name,revenue
INDONESIA,55502041.169700004
VIETNAM,55295086.99670001
CHINA,53724494.25659999
INDIA,52035512.00020001
JAPAN,45410175.6954
