SEARCHENGINEID,CLIENTIP,c,sum,avg
2,-859975534,85,3,1996.000000
2,1997454838,83,1,2038.000000
2,-482522280,60,10,1368.000000
2,121699799,58,4,1368.000000
3,1309207341,57,0,1996.000000
2,1936697603,55,0,1367.800000
2,1138507705,54,4,1367.425926
2,39702844,51,11,1368.000000
2,1721093824,51,1,1368.000000
4,-1031909977,50,1,1368.000000
