SEARCHENGINEID,CLIENTIP,c,sum,avg
2,2043490930,174,160,1638.000000
3,1308083473,83,57,1087.000000
3,-1752880895,79,5,1869.911392
2,1008404555,77,0,1745.038961
2,1742230916,77,4,1394.116883
4,-1897788330,75,11,1368.000000
2,1481516867,73,0,1368.000000
2,1138507705,67,0,1409.626866
3,1076222869,65,1,1011.000000
2,-807147100,63,5,1625.809524
