SEARCHENGINEID,CLIENTIP,c,sum,avg
2,1138507705,560,12,1418.658929
2,1740861572,381,7,1555.981627
2,-748701126,368,6,1580.619565
2,-631062503,356,7,1590.292135
2,-497906719,354,13,1538.734463
2,-465813166,352,8,1524.471591
2,-213744156,352,7,1566.363636
2,-807147100,347,9,1521.236311
2,-1945757555,343,12,1533.524781
2,-947382330,322,7,1566.788820
